CivilCaseID,CivilHearingID
1705074621321109,2900088702
1705074640122322,2900088703
1705074661359894,2900088704
1705074675961131,2900088705
1705074694529950,2900088706
1705074712847095,2900088707
1705074729357021,2900088708
1705074748517944,2900088709
1705074765587481,2900088710
1705074784703788,2900088711
1705074801633703,2900088712
1705074818774342,2900088713
1705074837438036,2900088714
1705074855681350,2900088715
1705074893608480,2900088716
1705074907579941,2900088717
1705074948471231,2900088718
1705074972055561,2900088719
1705074981874465,2900088720
1705074997982450,2900088721
1705075016803312,2900088722
1705075034316164,2900088723
1705075053444145,2900088724
1705075069247730,2900088725
1705075091238947,2900088726
1705075106523622,2900088727
1705075124656578,2900088728
1705075142631504,2900088729
1705075232031169,2900088730
1705075412369108,2900088731
1705075429803016,2900088732
1705075449876513,2900088733
1705075486818105,2900088734
1705075503729988,2900088735
1705075538948116,2900088736
1705315049378522,2900088737
1705315857882219,2900088738
1705315827591635,2900088739
1705315878366754,2900088740
1705315898107634,2900088741
1705315912402391,2900088742
1705315970219992,2900088743
1705315986827622,2900088744
1705316007566397,2900088745
1705316025513140,2900088746
1705316043337563,2900088747
1705316077521462,2900088748
1705316096078775,2900088749
1705316112592791,2900088750
1705316147674382,2900088751
1705316128536857,2900088752
1705316186578510,2900088753
1705316165369808,2900088754
1705316203378571,2900088755
1705316236600629,2900088756
1705316275732523,2900088757
1705316220054882,2900088758
1705316294472143,2900088759
1705316321457067,2900088760
1705316359788797,2900088761
1705316337731554,2900088762
1705316346841808,2900088763
1705316381954730,2900088764
1705316439851508,2900088765
1705316450321134,2900088766
1705316497698726,2900088767
1705316525630345,2900088768
1705316540420201,2900088769
1705316547638227,2900088770
1705316609587056,2900088771
1705316626705046,2900088772
1705316653779633,2900088773
1705316647944251,2900088774
1705316701303345,2900088775
1705316635935238,2900088776
1705316708890104,2900088777
1705316722961444,2900088778
1705316778228862,2900088779
1705316798060493,2900088780
1705316782877498,2900088781
1705316833305648,2900088782
1705316848679409,2900088783
1705316867668358,2900088784
1705316912421308,2900088785
1705316985833322,2900088786
1705316995409196,2900088787
1705317019131972,2900088788
1705317016544748,2900088789
1705317043307655,2900088790
1705317048150944,2900088791
1705317064612728,2900088792
1705317157802103,2900088793
1705317087457267,2900088794
1705317135962276,2900088795
1705317187344811,2900088796
1705317219692302,2900088797
1705317232079644,2900088798