caseref3,hearingref3,hearingstatus,timestamp,versionnumber
1706044492334969,2900129547,HEARING_REQUESTED,2024-03-21T12:17:55.376964588,1
1706044507459850,2900129550,HEARING_REQUESTED,2024-03-21T12:17:57.866632371,1
1706044514438640,2900129551,HEARING_REQUESTED,2024-03-21T12:17:59.623099491,1
1706044521439383,2900129552,HEARING_REQUESTED,2024-03-21T12:18:02.938283237,1
1706044527597994,2900129553,HEARING_REQUESTED,2024-03-21T12:18:04.148932034,1
1706044541985100,2900129556,HEARING_REQUESTED,2024-03-21T12:18:08.120927443,1
1706044534372647,2900129557,HEARING_REQUESTED,2024-03-21T12:18:08.59928909,1
1706044550250321,2900129558,HEARING_REQUESTED,2024-03-21T12:18:10.120260184,1
1706044557717520,2900129559,HEARING_REQUESTED,2024-03-21T12:18:12.219881061,1
1706044564840844,2900129562,HEARING_REQUESTED,2024-03-21T12:18:14.481914458,1
1706044571227670,2900129563,HEARING_REQUESTED,2024-03-21T12:18:16.798147212,1
1706044578039037,2900129565,HEARING_REQUESTED,2024-03-21T12:18:17.655743972,1
1706044585822680,2900129567,HEARING_REQUESTED,2024-03-21T12:18:20.564491317,1
1706044592731221,2900129569,HEARING_REQUESTED,2024-03-21T12:18:22.664175764,1
1706044600183407,2900129570,HEARING_REQUESTED,2024-03-21T12:18:24.807070994,1
1706044608075217,2900129571,HEARING_REQUESTED,2024-03-21T12:18:26.997897326,1
1706044615526186,2900129573,HEARING_REQUESTED,2024-03-21T12:18:28.021292959,1
1706044622685207,2900129576,HEARING_REQUESTED,2024-03-21T12:18:31.010245214,1
1706044629819056,2900129577,HEARING_REQUESTED,2024-03-21T12:18:32.125927663,1
1706044637307342,2900129580,HEARING_REQUESTED,2024-03-21T12:18:34.201969568,1
1706044644434063,2900129581,HEARING_REQUESTED,2024-03-21T12:18:35.813531319,1
1706044651850888,2900129582,HEARING_REQUESTED,2024-03-21T12:18:36.008238853,1
1706044660090476,2900129583,HEARING_REQUESTED,2024-03-21T12:18:39.101644751,1
1706044667619533,2900129584,HEARING_REQUESTED,2024-03-21T12:18:41.862990546,1
1706044673922962,2900129587,HEARING_REQUESTED,2024-03-21T12:18:43.358005866,1
1706044689169566,2900129588,HEARING_REQUESTED,2024-03-21T12:18:47.059893915,1
1706044682110807,2900129589,HEARING_REQUESTED,2024-03-21T12:18:48.203372372,1
1706044696260044,2900129591,HEARING_REQUESTED,2024-03-21T12:18:48.893433038,1
1706044702977755,2900129592,HEARING_REQUESTED,2024-03-21T12:18:50.408220753,1
1706044709074291,2900129594,HEARING_REQUESTED,2024-03-21T12:18:53.09507046,1
1706044714908137,2900129595,HEARING_REQUESTED,2024-03-21T12:18:55.216652047,1
1706044728935647,2900129596,HEARING_REQUESTED,2024-03-21T12:18:56.508112366,1
1706044721437088,2900129597,HEARING_REQUESTED,2024-03-21T12:18:57.89323876,1
1706044735895537,2900129599,HEARING_REQUESTED,2024-03-21T12:19:02.083298482,1
1706044743001045,2900129600,HEARING_REQUESTED,2024-03-21T12:19:04.647748164,1
1706044749613280,2900129601,HEARING_REQUESTED,2024-03-21T12:19:04.693316591,1
1706044756654912,2900129602,HEARING_REQUESTED,2024-03-21T12:19:06.954541144,1
1706044764305648,2900129604,HEARING_REQUESTED,2024-03-21T12:19:08.862881598,1
1706044771746826,2900129606,HEARING_REQUESTED,2024-03-21T12:19:12.030681841,1
1706044787030553,2900129609,HEARING_REQUESTED,2024-03-21T12:19:14.597785976,1
1706044778905680,2900129610,HEARING_REQUESTED,2024-03-21T12:19:15.429473825,1
1706044794975121,2900129613,HEARING_REQUESTED,2024-03-21T12:19:16.595384194,1
1706044817151510,2900129615,HEARING_REQUESTED,2024-03-21T12:19:19.770321159,1
1706044801508048,2900129614,HEARING_REQUESTED,2024-03-21T12:19:19.760691579,1
1706044809193603,2900129616,HEARING_REQUESTED,2024-03-21T12:19:20.160510174,1
1706044824861309,2900129618,HEARING_REQUESTED,2024-03-21T12:19:24.351156113,1
1706044831937910,2900129617,HEARING_REQUESTED,2024-03-21T12:19:24.345877865,1
1706044839140608,2900129620,HEARING_REQUESTED,2024-03-21T12:19:27.991452169,1
1706044846177742,2900129621,HEARING_REQUESTED,2024-03-21T12:19:29.569797291,1
1706044853029810,2900129622,HEARING_REQUESTED,2024-03-21T12:19:30.590841672,1
1706044861070475,2900129624,HEARING_REQUESTED,2024-03-21T12:19:31.596403384,1
1706044867989496,2900129626,HEARING_REQUESTED,2024-03-21T12:19:35.312261623,1
1706044876554778,2900129627,HEARING_REQUESTED,2024-03-21T12:19:36.293265958,1
1706044882880365,2900129629,HEARING_REQUESTED,2024-03-21T12:19:40.656440831,1
1706044889680909,2900129630,HEARING_REQUESTED,2024-03-21T12:19:42.454853244,1
1706044898635662,2900129633,HEARING_REQUESTED,2024-03-21T12:19:45.381131398,1
1706044905418482,2900129635,HEARING_REQUESTED,2024-03-21T12:19:46.276633099,1
1706044912406363,2900129636,HEARING_REQUESTED,2024-03-21T12:19:49.430074357,1
1706044920840876,2900129637,HEARING_REQUESTED,2024-03-21T12:19:50.11670004,1
1706044928310096,2900129638,HEARING_REQUESTED,2024-03-21T12:19:53.892974485,1
1706044941628219,2900129639,HEARING_REQUESTED,2024-03-21T12:19:53.943857489,1
1706044935054737,2900129640,HEARING_REQUESTED,2024-03-21T12:19:54.369135152,1
1706044956151669,2900129643,HEARING_REQUESTED,2024-03-21T12:19:58.828709886,1
1706044949065711,2900129644,HEARING_REQUESTED,2024-03-21T12:19:59.259305075,1
1706044962858877,2900129646,HEARING_REQUESTED,2024-03-21T12:20:01.047072928,1
1706044976771280,2900129647,HEARING_REQUESTED,2024-03-21T12:20:02.285194278,1
1706044970266444,2900129649,HEARING_REQUESTED,2024-03-21T12:20:02.625970565,1
1706044984122302,2900129652,HEARING_REQUESTED,2024-03-21T12:20:06.900191682,1
1706044991439053,2900129653,HEARING_REQUESTED,2024-03-21T12:20:10.670443031,1
1706044999123675,2900129655,HEARING_REQUESTED,2024-03-21T12:20:10.885253257,1
1706045006580864,2900129657,HEARING_REQUESTED,2024-03-21T12:20:13.197790704,1
1706045021998554,2900129658,HEARING_REQUESTED,2024-03-21T12:20:16.177951138,1
1706045030078620,2900129659,HEARING_REQUESTED,2024-03-21T12:20:17.474468642,1
1706045014123707,2900129660,HEARING_REQUESTED,2024-03-21T12:20:18.026213016,1
1706045044681575,2900129661,HEARING_REQUESTED,2024-03-21T12:20:23.19850667,1
1706045037630837,2900129662,HEARING_REQUESTED,2024-03-21T12:20:23.204810468,1
1706045051912467,2900129663,HEARING_REQUESTED,2024-03-21T12:20:25.112106196,1
1706045058556895,2900129664,HEARING_REQUESTED,2024-03-21T12:20:26.851740012,1
1706045064269301,2900129665,HEARING_REQUESTED,2024-03-21T12:20:27.18346061,1
1706045078138609,2900129667,HEARING_REQUESTED,2024-03-21T12:20:30.652011977,1
1706045070643143,2900129670,HEARING_REQUESTED,2024-03-21T12:20:31.518506631,1
1706045085615904,2900129673,HEARING_REQUESTED,2024-03-21T12:20:33.823645531,1
1706045093297133,2900129674,HEARING_REQUESTED,2024-03-21T12:20:34.783687745,1
1706045099872970,2900129675,HEARING_REQUESTED,2024-03-21T12:20:36.466870741,1
1706045107888281,2900129678,HEARING_REQUESTED,2024-03-21T12:20:42.124014774,1
1706046368425847,2900129679,HEARING_REQUESTED,2024-03-21T12:20:43.297546322,1
1706046382220794,2900129680,HEARING_REQUESTED,2024-03-21T12:20:44.090042046,1
1706046394019622,2900129682,HEARING_REQUESTED,2024-03-21T12:20:45.584298336,1
1706046403818568,2900129683,HEARING_REQUESTED,2024-03-21T12:20:47.175796306,1
1706046413859735,2900129684,HEARING_REQUESTED,2024-03-21T12:20:49.366510208,1
1706046422775815,2900129685,HEARING_REQUESTED,2024-03-21T12:20:53.067159271,1
1706046430153872,2900129686,HEARING_REQUESTED,2024-03-21T12:20:55.142362611,1
1706046438917112,2900129687,HEARING_REQUESTED,2024-03-21T12:20:56.301778894,1
1706046446251835,2900129690,HEARING_REQUESTED,2024-03-21T12:20:57.352447348,1
1706046461617225,2900129692,HEARING_REQUESTED,2024-03-21T12:21:00.502352817,1
1706046453585471,2900129694,HEARING_REQUESTED,2024-03-21T12:21:02.093814413,1
1706046468365646,2900129695,HEARING_REQUESTED,2024-03-21T12:21:03.437908893,1
1706046476015191,2900129696,HEARING_REQUESTED,2024-03-21T12:21:03.808924713,1
1706046483764195,2900129697,HEARING_REQUESTED,2024-03-21T12:21:08.286877997,1
1706046490328307,2900129698,HEARING_REQUESTED,2024-03-21T12:21:10.048169604,1
1706046497502938,2900129700,HEARING_REQUESTED,2024-03-21T12:21:11.418289339,1
1706046503853309,2900129703,HEARING_REQUESTED,2024-03-21T12:21:13.554906694,1
1706046510834748,2900129704,HEARING_REQUESTED,2024-03-21T12:21:14.334613313,1
1706046518965650,2900129707,HEARING_REQUESTED,2024-03-21T12:21:16.581954907,1
1706046525516983,2900129708,HEARING_REQUESTED,2024-03-21T12:21:17.321740449,1
1706046531973152,2900129709,HEARING_REQUESTED,2024-03-21T12:21:21.301483541,1
1706046538657600,2900129710,HEARING_REQUESTED,2024-03-21T12:21:22.865061657,1
1706046546394162,2900129711,HEARING_REQUESTED,2024-03-21T12:21:23.236343841,1
1706046559374895,2900129713,HEARING_REQUESTED,2024-03-21T12:21:27.051758899,1
1706046552561522,2900129716,HEARING_REQUESTED,2024-03-21T12:21:28.779194066,1
1706046579938687,2900129717,HEARING_REQUESTED,2024-03-21T12:21:32.587860539,1
1706046565854740,2900129718,HEARING_REQUESTED,2024-03-21T12:21:33.25344211,1
1706046573021118,2900129719,HEARING_REQUESTED,2024-03-21T12:21:33.515296638,1
1706046595970722,2900129720,HEARING_REQUESTED,2024-03-21T12:21:35.912475645,1
1706046587822675,2900129721,HEARING_REQUESTED,2024-03-21T12:21:37.187591835,1
1706046602962043,2900129722,HEARING_REQUESTED,2024-03-21T12:21:37.65845924,1
1706046617495641,2900129724,HEARING_REQUESTED,2024-03-21T12:21:42.354116803,1
1706046610665133,2900129725,HEARING_REQUESTED,2024-03-21T12:21:42.890816745,1
1706046624544654,2900129727,HEARING_REQUESTED,2024-03-21T12:21:44.867685195,1
1706046631501150,2900129728,HEARING_REQUESTED,2024-03-21T12:21:47.919169928,1
1706046638714855,2900129729,HEARING_REQUESTED,2024-03-21T12:21:48.647344959,1
1706046645267129,2900129730,HEARING_REQUESTED,2024-03-21T12:21:51.717612652,1
1706046659488546,2900129733,HEARING_REQUESTED,2024-03-21T12:21:55.292305477,1
1706046652517168,2900129734,HEARING_REQUESTED,2024-03-21T12:21:55.491983466,1
1706046666132467,2900129735,HEARING_REQUESTED,2024-03-21T12:21:55.52330847,1
1706046673452882,2900129738,HEARING_REQUESTED,2024-03-21T12:21:58.954146206,1
1706046681669642,2900129742,HEARING_REQUESTED,2024-03-21T12:22:03.520397749,1
1706046698901970,2900129743,HEARING_REQUESTED,2024-03-21T12:22:03.571853221,1
1706046689327698,2900129744,HEARING_REQUESTED,2024-03-21T12:22:03.925046944,1
1706046706748702,2900129746,HEARING_REQUESTED,2024-03-21T12:22:07.959286477,1
1706046715959084,2900129747,HEARING_REQUESTED,2024-03-21T12:22:08.902684775,1
1706046723728695,2900129748,HEARING_REQUESTED,2024-03-21T12:22:10.204451697,1
1706046731309249,2900129749,HEARING_REQUESTED,2024-03-21T12:22:12.392612961,1
1706046738976008,2900129751,HEARING_REQUESTED,2024-03-21T12:22:14.812486689,1
1706046746263688,2900129752,HEARING_REQUESTED,2024-03-21T12:22:16.139158775,1
1706046752416501,2900129754,HEARING_REQUESTED,2024-03-21T12:22:19.59777777,1
1706046758951808,2900129755,HEARING_REQUESTED,2024-03-21T12:22:21.109749121,1
1706046773021314,2900129756,HEARING_REQUESTED,2024-03-21T12:22:22.957809583,1
1706046765840382,2900129758,HEARING_REQUESTED,2024-03-21T12:22:24.433315372,1
1706046779527215,2900129760,HEARING_REQUESTED,2024-03-21T12:22:28.76630888,1
1706046786473064,2900129761,HEARING_REQUESTED,2024-03-21T12:22:29.139889023,1
1706046794727857,2900129763,HEARING_REQUESTED,2024-03-21T12:22:31.191543109,1
1706046802540144,2900129765,HEARING_REQUESTED,2024-03-21T12:22:31.471093884,1
1706046810233104,2900129768,HEARING_REQUESTED,2024-03-21T12:22:36.283868403,1
1706046818175497,2900129769,HEARING_REQUESTED,2024-03-21T12:22:36.678738526,1
1706046825142803,2900129770,HEARING_REQUESTED,2024-03-21T12:22:37.329051581,1
1706046832500928,2900129771,HEARING_REQUESTED,2024-03-21T12:22:37.797267142,1
1706046839861174,2900129772,HEARING_REQUESTED,2024-03-21T12:22:41.24231347,1
1706046847699996,2900129774,HEARING_REQUESTED,2024-03-21T12:22:44.473508781,1
1706046854158217,2900129775,HEARING_REQUESTED,2024-03-21T12:22:46.105742625,1
1706046859958199,2900129776,HEARING_REQUESTED,2024-03-21T12:22:47.832507744,1
1706046867488684,2900129777,HEARING_REQUESTED,2024-03-21T12:22:50.646857542,1
1706046874364423,2900129779,HEARING_REQUESTED,2024-03-21T12:22:51.574484002,1
1706046880735731,2900129780,HEARING_REQUESTED,2024-03-21T12:22:51.840151091,1
1706046887395133,2900129782,HEARING_REQUESTED,2024-03-21T12:22:54.795515675,1
1706046901314151,2900129787,HEARING_REQUESTED,2024-03-21T12:22:59.903849106,1
1706046894204856,2900129788,HEARING_REQUESTED,2024-03-21T12:22:59.994700617,1
1706046914126832,2900129789,HEARING_REQUESTED,2024-03-21T12:23:02.090043314,1
1706046907987315,2900129790,HEARING_REQUESTED,2024-03-21T12:23:04.424049864,1
1706046920442058,2900129791,HEARING_REQUESTED,2024-03-21T12:23:05.144415999,1
1706046927002806,2900129792,HEARING_REQUESTED,2024-03-21T12:23:06.880038325,1
1706046933576199,2900129794,HEARING_REQUESTED,2024-03-21T12:23:09.471049039,1
1706046940063934,2900129795,HEARING_REQUESTED,2024-03-21T12:23:10.287837591,1
1706046946821160,2900129796,HEARING_REQUESTED,2024-03-21T12:23:10.839801167,1
1706046953818505,2900129797,HEARING_REQUESTED,2024-03-21T12:23:15.304157927,1
1706046967025824,2900129799,HEARING_REQUESTED,2024-03-21T12:23:17.851586962,1
1706046959999960,2900129800,HEARING_REQUESTED,2024-03-21T12:23:18.84243959,1
1706046973338427,2900129803,HEARING_REQUESTED,2024-03-21T12:23:22.955583572,1
1706046979409115,2900129805,HEARING_REQUESTED,2024-03-21T12:23:24.72713788,1
1706046992515955,2900129806,HEARING_REQUESTED,2024-03-21T12:23:25.302765879,1
1706046986036455,2900129807,HEARING_REQUESTED,2024-03-21T12:23:25.966595106,1
1706046999138306,2900129809,HEARING_REQUESTED,2024-03-21T12:23:27.17373092,1
1706047005739871,2900129811,HEARING_REQUESTED,2024-03-21T12:23:29.602853066,1
1706047012461303,2900129812,HEARING_REQUESTED,2024-03-21T12:23:33.760596501,1
1706047019605738,2900129813,HEARING_REQUESTED,2024-03-21T12:23:35.581724999,1
1706047026053021,2900129814,HEARING_REQUESTED,2024-03-21T12:23:38.806229513,1
1706047032936532,2900129815,HEARING_REQUESTED,2024-03-21T12:23:39.835045363,1
1706047039799172,2900129816,HEARING_REQUESTED,2024-03-21T12:23:41.435448045,1
1706047046590556,2900129817,HEARING_REQUESTED,2024-03-21T12:23:42.648412849,1
1706047060584873,2900129819,HEARING_REQUESTED,2024-03-21T12:23:45.961752806,1
1706047053793150,2900129820,HEARING_REQUESTED,2024-03-21T12:23:46.213828339,1
1706047066451218,2900129822,HEARING_REQUESTED,2024-03-21T12:23:46.866086361,1
1706047072463280,2900129825,HEARING_REQUESTED,2024-03-21T12:23:51.18083257,1
1706047079421166,2900129828,HEARING_REQUESTED,2024-03-21T12:23:53.902217843,1
1706047093626014,2900129829,HEARING_REQUESTED,2024-03-21T12:23:55.203723361,1
1706047087179947,2900129831,HEARING_REQUESTED,2024-03-21T12:23:56.025409176,1
1706047106122449,2900129832,HEARING_REQUESTED,2024-03-21T12:23:59.17317783,1
1706047099536266,2900129835,HEARING_REQUESTED,2024-03-21T12:24:00.742064355,1
1706047126441340,2900129836,HEARING_REQUESTED,2024-03-21T12:24:04.310462934,1
1706047112887019,2900129837,HEARING_REQUESTED,2024-03-21T12:24:04.602147729,1
1706047119345847,2900129838,HEARING_REQUESTED,2024-03-21T12:24:06.541596395,1
1706047133140489,2900129839,HEARING_REQUESTED,2024-03-21T12:24:07.310092875,1
1706047139892919,2900129840,HEARING_REQUESTED,2024-03-21T12:24:08.990365679,1
1706047153020694,2900129842,HEARING_REQUESTED,2024-03-21T12:24:11.948627229,1
1706047146355280,2900129843,HEARING_REQUESTED,2024-03-21T12:24:12.703543292,1
1706047159334982,2900129844,HEARING_REQUESTED,2024-03-21T12:24:15.944902935,1
1706047165962735,2900129846,HEARING_REQUESTED,2024-03-21T12:24:18.788039331,1
1706047173247764,2900129847,HEARING_REQUESTED,2024-03-21T12:24:19.93051205,1
1706047179168345,2900129848,HEARING_REQUESTED,2024-03-21T12:24:20.556046487,1
1706047185333073,2900129850,HEARING_REQUESTED,2024-03-21T12:24:24.361709104,1
1706047199567955,2900129851,HEARING_REQUESTED,2024-03-21T12:24:25.312903059,1
1706047192725113,2900129853,HEARING_REQUESTED,2024-03-21T12:24:26.084359257,1
1706047205807932,2900129855,HEARING_REQUESTED,2024-03-21T12:24:29.448772968,1
1706047212092056,2900129856,HEARING_REQUESTED,2024-03-21T12:24:30.723763901,1
1706047218119952,2900129857,HEARING_REQUESTED,2024-03-21T12:24:33.236167476,1
1706047224457883,2900129860,HEARING_REQUESTED,2024-03-21T12:24:35.59931362,1
1706047230811628,2900129861,HEARING_REQUESTED,2024-03-21T12:24:36.928141214,1
1706047238080069,2900129862,HEARING_REQUESTED,2024-03-21T12:24:39.019098635,1
1706047245111774,2900129864,HEARING_REQUESTED,2024-03-21T12:24:41.524413551,1
1706047251282154,2900129865,HEARING_REQUESTED,2024-03-21T12:24:42.079658781,1
1706047257900486,2900129868,HEARING_REQUESTED,2024-03-21T12:24:44.620265349,1
1706047270500842,2900129869,HEARING_REQUESTED,2024-03-21T12:24:47.691437016,1
1706047264406899,2900129870,HEARING_REQUESTED,2024-03-21T12:24:48.365626062,1
1706047284451990,2900129872,HEARING_REQUESTED,2024-03-21T12:24:50.297821976,1
1706047277210601,2900129874,HEARING_REQUESTED,2024-03-21T12:24:51.454240457,1
1706047299864849,2900129876,HEARING_REQUESTED,2024-03-21T12:24:54.593588842,1
1706047292626088,2900129877,HEARING_REQUESTED,2024-03-21T12:24:56.465673119,1
1706047315142808,2900129879,HEARING_REQUESTED,2024-03-21T12:24:57.552877811,1
1706047307006276,2900129880,HEARING_REQUESTED,2024-03-21T12:24:58.230007463,1
1706047324434675,2900129882,HEARING_REQUESTED,2024-03-21T12:25:03.058750935,1
1706047332249644,2900129884,HEARING_REQUESTED,2024-03-21T12:25:05.027242492,1
1706047340267497,2900129886,HEARING_REQUESTED,2024-03-21T12:25:07.398562585,1
1706047347195535,2900129887,HEARING_REQUESTED,2024-03-21T12:25:08.537198546,1
1706047368428773,2900129888,HEARING_REQUESTED,2024-03-21T12:25:11.422918111,1
1706047354524403,2900129889,HEARING_REQUESTED,2024-03-21T12:25:11.696799163,1
1706047361705219,2900129891,HEARING_REQUESTED,2024-03-21T12:25:13.830727042,1
1706047382429559,2900129892,HEARING_REQUESTED,2024-03-21T12:25:16.933128635,1
1706047375392095,2900129893,HEARING_REQUESTED,2024-03-21T12:25:17.056127648,1
1706047390614523,2900129897,HEARING_REQUESTED,2024-03-21T12:25:19.831775045,1
1706047397528288,2900129898,HEARING_REQUESTED,2024-03-21T12:25:20.120009989,1
1706047404796357,2900129899,HEARING_REQUESTED,2024-03-21T12:25:23.069417674,1
1706047411340603,2900129900,HEARING_REQUESTED,2024-03-21T12:25:24.88959475,1
1706047419961566,2900129901,HEARING_REQUESTED,2024-03-21T12:25:27.572265522,1
1706047426402802,2900129902,HEARING_REQUESTED,2024-03-21T12:25:28.753644278,1
1706047435493628,2900129903,HEARING_REQUESTED,2024-03-21T12:25:29.61952096,1
1706047443319849,2900129906,HEARING_REQUESTED,2024-03-21T12:25:31.963354322,1
1706047456926555,2900129907,HEARING_REQUESTED,2024-03-21T12:25:35.971440926,1
1706047450562968,2900129908,HEARING_REQUESTED,2024-03-21T12:25:36.313024248,1
1706047469577221,2900129911,HEARING_REQUESTED,2024-03-21T12:25:39.606363347,1
1706047462770658,2900129912,HEARING_REQUESTED,2024-03-21T12:25:40.673491804,1
1706047476312208,2900129914,HEARING_REQUESTED,2024-03-21T12:25:42.724222697,1
1706047483465189,2900129917,HEARING_REQUESTED,2024-03-21T12:25:45.288837657,1
1706047498246871,2900129918,HEARING_REQUESTED,2024-03-21T12:25:47.585838149,1
1706047490255334,2900129919,HEARING_REQUESTED,2024-03-21T12:25:47.799580854,1
1706047510489616,2900129921,HEARING_REQUESTED,2024-03-21T12:25:51.283196456,1
1706047504055100,2900129922,HEARING_REQUESTED,2024-03-21T12:25:51.886373271,1
1706047516881907,2900129924,HEARING_REQUESTED,2024-03-21T12:25:57.324275847,1
1706047523549588,2900129925,HEARING_REQUESTED,2024-03-21T12:25:57.697905181,1
1706047530235114,2900129926,HEARING_REQUESTED,2024-03-21T12:25:57.793017705,1
1706047537262459,2900129929,HEARING_REQUESTED,2024-03-21T12:26:01.291709825,1
1706047551731918,2900129930,HEARING_REQUESTED,2024-03-21T12:26:02.537115906,1
1706047543994467,2900129931,HEARING_REQUESTED,2024-03-21T12:26:03.714080186,1
1706047559492208,2900129932,HEARING_REQUESTED,2024-03-21T12:26:06.364114483,1
1706047565926009,2900129933,HEARING_REQUESTED,2024-03-21T12:26:07.269371303,1
1706047572418685,2900129934,HEARING_REQUESTED,2024-03-21T12:26:11.391310415,1
1706047578426831,2900129936,HEARING_REQUESTED,2024-03-21T12:26:13.646169489,1
1706047585956036,2900129937,HEARING_REQUESTED,2024-03-21T12:26:14.23098553,1
1706047592972679,2900129938,HEARING_REQUESTED,2024-03-21T12:26:14.275829208,1
1706047607070253,2900129942,HEARING_REQUESTED,2024-03-21T12:26:17.478689136,1
1706047600744516,2900129943,HEARING_REQUESTED,2024-03-21T12:26:19.043408291,1
1706047614594055,2900129944,HEARING_REQUESTED,2024-03-21T12:26:20.56337073,1
1706047628881241,2900129946,HEARING_REQUESTED,2024-03-21T12:26:24.791709176,1
1706047621806526,2900129947,HEARING_REQUESTED,2024-03-21T12:26:24.887542467,1
1706047644968386,2900129948,HEARING_REQUESTED,2024-03-21T12:26:28.134183131,1
1706047637252111,2900129950,HEARING_REQUESTED,2024-03-21T12:26:30.829607368,1
1706047653139721,2900129951,HEARING_REQUESTED,2024-03-21T12:26:31.800346435,1
1706047667002055,2900129952,HEARING_REQUESTED,2024-03-21T12:26:33.655390784,1
1706047660046125,2900129953,HEARING_REQUESTED,2024-03-21T12:26:34.110550734,1
1706047674784281,2900129955,HEARING_REQUESTED,2024-03-21T12:26:39.267307117,1
1706047681778573,2900129957,HEARING_REQUESTED,2024-03-21T12:26:39.903508433,1
1706047688624879,2900129958,HEARING_REQUESTED,2024-03-21T12:26:41.108987569,1
1706047696032776,2900129959,HEARING_REQUESTED,2024-03-21T12:26:43.132432497,1
1706047702523198,2900129961,HEARING_REQUESTED,2024-03-21T12:26:44.973873303,1
1706047708717745,2900129964,HEARING_REQUESTED,2024-03-21T12:26:48.186698126,1
1706047715195208,2900129966,HEARING_REQUESTED,2024-03-21T12:26:50.295901922,1
1706047730629330,2900129967,HEARING_REQUESTED,2024-03-21T12:26:51.121705373,1
1706047722431679,2900129968,HEARING_REQUESTED,2024-03-21T12:26:52.782042672,1
1706047738091038,2900129970,HEARING_REQUESTED,2024-03-21T12:26:55.60300754,1
1706047745520979,2900129971,HEARING_REQUESTED,2024-03-21T12:26:57.21776728,1
1706047752165460,2900129972,HEARING_REQUESTED,2024-03-21T12:26:59.834283139,1
1706047759107721,2900129974,HEARING_REQUESTED,2024-03-21T12:27:00.992305418,1
1706047765840943,2900129975,HEARING_REQUESTED,2024-03-21T12:27:03.840260537,1
1706047773157009,2900129976,HEARING_REQUESTED,2024-03-21T12:27:04.07648091,1
1706047787238530,2900129978,HEARING_REQUESTED,2024-03-21T12:27:07.077747773,1
1706047780558249,2900129979,HEARING_REQUESTED,2024-03-21T12:27:07.253821165,1
1706047793924867,2900129981,HEARING_REQUESTED,2024-03-21T12:27:10.903407069,1
1706047808282244,2900129983,HEARING_REQUESTED,2024-03-21T12:27:13.566183221,1
1706047800011344,2900129984,HEARING_REQUESTED,2024-03-21T12:27:13.767580674,1
1706047815453853,2900129987,HEARING_REQUESTED,2024-03-21T12:27:17.467863291,1
1706047821747082,2900129988,HEARING_REQUESTED,2024-03-21T12:27:19.38222804,1
1706047828029575,2900129989,HEARING_REQUESTED,2024-03-21T12:27:21.974567767,1
1706047834647576,2900129990,HEARING_REQUESTED,2024-03-21T12:27:22.75640743,1
1706047847928906,2900129992,HEARING_REQUESTED,2024-03-21T12:27:24.8823445,1
1706047841008291,2900129993,HEARING_REQUESTED,2024-03-21T12:27:25.977068382,1
1706047854891146,2900129994,HEARING_REQUESTED,2024-03-21T12:27:28.468925189,1
1706047861336713,2900129996,HEARING_REQUESTED,2024-03-21T12:27:30.889661678,1
1706047867608982,2900129997,HEARING_REQUESTED,2024-03-21T12:27:31.126725427,1
1706047881148056,2900130000,HEARING_REQUESTED,2024-03-21T12:27:33.840930077,1
1706047874091628,2900130002,HEARING_REQUESTED,2024-03-21T12:27:34.968997723,1
1706047888436561,2900130003,HEARING_REQUESTED,2024-03-21T12:27:37.693735831,1
1706047896476658,2900130004,HEARING_REQUESTED,2024-03-21T12:27:40.047342397,1
1706047903556252,2900130006,HEARING_REQUESTED,2024-03-21T12:27:42.650274948,1
1706047910621545,2900130007,HEARING_REQUESTED,2024-03-21T12:27:43.787823144,1
1706047917866945,2900130008,HEARING_REQUESTED,2024-03-21T12:27:46.417488859,1
1706047925367639,2900130009,HEARING_REQUESTED,2024-03-21T12:27:47.566939674,1
1706047932552876,2900130011,HEARING_REQUESTED,2024-03-21T12:27:50.310737937,1
1706047938810195,2900130012,HEARING_REQUESTED,2024-03-21T12:27:51.626100749,1
1706047945017974,2900130013,HEARING_REQUESTED,2024-03-21T12:27:52.500699779,1
1706047952050629,2900130015,HEARING_REQUESTED,2024-03-21T12:27:56.365422634,1
1706047959023355,2900130016,HEARING_REQUESTED,2024-03-21T12:27:57.814660668,1
1706047972984880,2900130018,HEARING_REQUESTED,2024-03-21T12:28:01.747505346,1
1706047966201259,2900130019,HEARING_REQUESTED,2024-03-21T12:28:01.765744124,1
1706047979795479,2900130020,HEARING_REQUESTED,2024-03-21T12:28:02.478857864,1
1706047986481063,2900130024,HEARING_REQUESTED,2024-03-21T12:28:04.778228487,1
1706047993178975,2900130025,HEARING_REQUESTED,2024-03-21T12:28:07.727658801,1
1706048000743165,2900130026,HEARING_REQUESTED,2024-03-21T12:28:08.366349164,1
1706048007210465,2900130027,HEARING_REQUESTED,2024-03-21T12:28:11.851595181,1
1706048014319804,2900130029,HEARING_REQUESTED,2024-03-21T12:28:12.973552592,1
1706048022525061,2900130030,HEARING_REQUESTED,2024-03-21T12:28:13.535363778,1
1706048029974510,2900130031,HEARING_REQUESTED,2024-03-21T12:28:15.327550916,1
1706048036905598,2900130033,HEARING_REQUESTED,2024-03-21T12:28:16.495409706,1
1706048043276918,2900130034,HEARING_REQUESTED,2024-03-21T12:28:19.325821091,1
1706048050649387,2900130036,HEARING_REQUESTED,2024-03-21T12:28:22.11680872,1
1706048058249370,2900130037,HEARING_REQUESTED,2024-03-21T12:28:22.486643014,1
1706048066189246,2900130038,HEARING_REQUESTED,2024-03-21T12:28:25.184297677,1
1706048073179156,2900130041,HEARING_REQUESTED,2024-03-21T12:28:28.618382246,1
1706048080831625,2900130043,HEARING_REQUESTED,2024-03-21T12:28:29.709246456,1
1706048087931469,2900130044,HEARING_REQUESTED,2024-03-21T12:28:30.224324005,1
1706048094714924,2900130045,HEARING_REQUESTED,2024-03-21T12:28:33.01792426,1
1706048102057266,2900130047,HEARING_REQUESTED,2024-03-21T12:28:35.297635514,1
1706048109188890,2900130048,HEARING_REQUESTED,2024-03-21T12:28:36.890846142,1
1706048116236575,2900130050,HEARING_REQUESTED,2024-03-21T12:28:39.66399339,1
1706048122123312,2900130053,HEARING_REQUESTED,2024-03-21T12:28:41.824248445,1
1706048128741224,2900130054,HEARING_REQUESTED,2024-03-21T12:28:44.730070143,1
1706048136222001,2900130055,HEARING_REQUESTED,2024-03-21T12:28:46.147594284,1
1706048143412108,2900130056,HEARING_REQUESTED,2024-03-21T12:28:47.639289188,1
1706048149964797,2900130057,HEARING_REQUESTED,2024-03-21T12:28:49.03248392,1
1706048158663355,2900130059,HEARING_REQUESTED,2024-03-21T12:28:50.23856538,1
1706048166192207,2900130061,HEARING_REQUESTED,2024-03-21T12:28:53.036305643,1
1706048173465414,2900130062,HEARING_REQUESTED,2024-03-21T12:28:53.369677744,1
1706048179921626,2900130063,HEARING_REQUESTED,2024-03-21T12:28:56.485491762,1
1706048186354431,2900130064,HEARING_REQUESTED,2024-03-21T12:28:58.293749483,1
1706048193080839,2900130067,HEARING_REQUESTED,2024-03-21T12:29:02.201289386,1
1706048200099236,2900130069,HEARING_REQUESTED,2024-03-21T12:29:03.094301098,1
1706048208005565,2900130070,HEARING_REQUESTED,2024-03-21T12:29:04.400625159,1
1706048222249488,2900130071,HEARING_REQUESTED,2024-03-21T12:29:07.310990118,1
1706048215250105,2900130072,HEARING_REQUESTED,2024-03-21T12:29:08.110699091,1
1706048229524826,2900130074,HEARING_REQUESTED,2024-03-21T12:29:12.569897743,1
1706048244373365,2900130075,HEARING_REQUESTED,2024-03-21T12:29:13.175935043,1
1706048251450189,2900130076,HEARING_REQUESTED,2024-03-21T12:29:14.22550967,1
1706048237005917,2900130077,HEARING_REQUESTED,2024-03-21T12:29:14.311158469,1
1706048258826449,2900130079,HEARING_REQUESTED,2024-03-21T12:29:19.297596117,1
1706048267328932,2900130081,HEARING_REQUESTED,2024-03-21T12:29:20.224605816,1
1706048274610652,2900130082,HEARING_REQUESTED,2024-03-21T12:29:21.282961771,1
1706048288778081,2900130083,HEARING_REQUESTED,2024-03-21T12:29:23.746528154,1
1706048281494371,2900130084,HEARING_REQUESTED,2024-03-21T12:29:25.723344654,1
1706048295360089,2900130086,HEARING_REQUESTED,2024-03-21T12:29:27.39325772,1
1706048301695759,2900130087,HEARING_REQUESTED,2024-03-21T12:29:29.017297109,1
1706048308582182,2900130088,HEARING_REQUESTED,2024-03-21T12:29:32.909495008,1
1706048315226781,2900130089,HEARING_REQUESTED,2024-03-21T12:29:35.694085138,1
1706048328287150,2900130091,HEARING_REQUESTED,2024-03-21T12:29:37.730300816,1
1706048321744660,2900130093,HEARING_REQUESTED,2024-03-21T12:29:38.585732646,1
1706048335918821,2900130095,HEARING_REQUESTED,2024-03-21T12:29:41.453963511,1
1706048343059006,2900130096,HEARING_REQUESTED,2024-03-21T12:29:42.935653934,1
1706048349645576,2900130098,HEARING_REQUESTED,2024-03-21T12:29:45.338329085,1
1706048356636807,2900130099,HEARING_REQUESTED,2024-03-21T12:29:46.233510646,1
1706048363143862,2900130100,HEARING_REQUESTED,2024-03-21T12:29:47.768527005,1
1706048370606851,2900130101,HEARING_REQUESTED,2024-03-21T12:29:49.532628004,1
1706048376929398,2900130102,HEARING_REQUESTED,2024-03-21T12:29:52.051672904,1
1706048392655571,2900130104,HEARING_REQUESTED,2024-03-21T12:29:53.06454519,1
1706048384558353,2900130105,HEARING_REQUESTED,2024-03-21T12:29:54.669717976,1
1706048400229260,2900130106,HEARING_REQUESTED,2024-03-21T12:29:57.3394012,1
1706048407742315,2900130110,HEARING_REQUESTED,2024-03-21T12:30:00.088463552,1
1706048414725980,2900130112,HEARING_REQUESTED,2024-03-21T12:30:00.310414541,1
1706048429692688,2900130113,HEARING_REQUESTED,2024-03-21T12:30:03.922067875,1
1706048421240965,2900130114,HEARING_REQUESTED,2024-03-21T12:30:04.311449762,1
1706048437117322,2900130115,HEARING_REQUESTED,2024-03-21T12:30:06.55870716,1
1706048443011667,2900130117,HEARING_REQUESTED,2024-03-21T12:30:08.800603793,1
1706048450350081,2900130118,HEARING_REQUESTED,2024-03-21T12:30:11.669562891,1
1706048458347865,2900130119,HEARING_REQUESTED,2024-03-21T12:30:12.188641,1
1706048466359472,2900130120,HEARING_REQUESTED,2024-03-21T12:30:14.683517299,1
1706048473752313,2900130121,HEARING_REQUESTED,2024-03-21T12:30:16.698291512,1
1706048487336848,2900130122,HEARING_REQUESTED,2024-03-21T12:30:18.918307111,1
1706048480565229,2900130123,HEARING_REQUESTED,2024-03-21T12:30:20.304778369,1
1706048494507159,2900130124,HEARING_REQUESTED,2024-03-21T12:30:22.05126426,1
1706048501901718,2900130126,HEARING_REQUESTED,2024-03-21T12:30:23.418400006,1
1706048509443275,2900130128,HEARING_REQUESTED,2024-03-21T12:30:27.941276741,1
1706048516043399,2900130129,HEARING_REQUESTED,2024-03-21T12:30:29.622038179,1
1706048523471104,2900130131,HEARING_REQUESTED,2024-03-21T12:30:31.729699765,1
1706048530596984,2900130132,HEARING_REQUESTED,2024-03-21T12:30:31.792575952,1
1706048536604212,2900130133,HEARING_REQUESTED,2024-03-21T12:30:34.265646128,1
1706048542917293,2900130135,HEARING_REQUESTED,2024-03-21T12:30:36.838478574,1
1706048549760092,2900130136,HEARING_REQUESTED,2024-03-21T12:30:39.163358401,1
1706048556389488,2900130138,HEARING_REQUESTED,2024-03-21T12:30:41.638430313,1
1706048564327579,2900130139,HEARING_REQUESTED,2024-03-21T12:30:42.499367747,1
1706048571210461,2900130142,HEARING_REQUESTED,2024-03-21T12:30:45.944866619,1
1706048578349619,2900130143,HEARING_REQUESTED,2024-03-21T12:30:47.422844928,1
1706048585134095,2900130144,HEARING_REQUESTED,2024-03-21T12:30:48.814595648,1
1706048591598358,2900130145,HEARING_REQUESTED,2024-03-21T12:30:49.951269336,1
1706048597969215,2900130146,HEARING_REQUESTED,2024-03-21T12:30:53.051938967,1
1706048604388102,2900130147,HEARING_REQUESTED,2024-03-21T12:30:54.050006419,1
1706048611813134,2900130148,HEARING_REQUESTED,2024-03-21T12:30:55.019268233,1
1706048619133717,2900130149,HEARING_REQUESTED,2024-03-21T12:30:55.674065634,1
1706048626344216,2900130153,HEARING_REQUESTED,2024-03-21T12:30:59.530754469,1
1706048633703628,2900130154,HEARING_REQUESTED,2024-03-21T12:31:00.256164359,1
1706048641639202,2900130156,HEARING_REQUESTED,2024-03-21T12:31:02.789941918,1
1706048648249096,2900130157,HEARING_REQUESTED,2024-03-21T12:31:05.517143199,1
1706048656150558,2900130158,HEARING_REQUESTED,2024-03-21T12:31:07.641621205,1
1706048669674347,2900130159,HEARING_REQUESTED,2024-03-21T12:31:09.925274955,1
1706048663347676,2900130160,HEARING_REQUESTED,2024-03-21T12:31:10.642986306,1
1706048684621976,2900130161,HEARING_REQUESTED,2024-03-21T12:31:12.79302263,1
1706048677068748,2900130163,HEARING_REQUESTED,2024-03-21T12:31:13.502335752,1
1706048691854222,2900130165,HEARING_REQUESTED,2024-03-21T12:31:17.326577707,1
1706048699132407,2900130166,HEARING_REQUESTED,2024-03-21T12:31:19.113700762,1
1706048705502536,2900130167,HEARING_REQUESTED,2024-03-21T12:31:21.170131153,1
1706048712542301,2900130169,HEARING_REQUESTED,2024-03-21T12:31:23.057893414,1
1706048719508693,2900130171,HEARING_REQUESTED,2024-03-21T12:31:24.971287245,1
1706048726466711,2900130174,HEARING_REQUESTED,2024-03-21T12:31:28.36240839,1
1706048740240027,2900130175,HEARING_REQUESTED,2024-03-21T12:31:28.387413123,1
1706048733020618,2900130176,HEARING_REQUESTED,2024-03-21T12:31:28.954335196,1
1706048747794919,2900130177,HEARING_REQUESTED,2024-03-21T12:31:32.707324934,1
1706048755234600,2900130178,HEARING_REQUESTED,2024-03-21T12:31:34.303080886,1
1706048762386526,2900130179,HEARING_REQUESTED,2024-03-21T12:31:36.29947045,1
1706048769811989,2900130180,HEARING_REQUESTED,2024-03-21T12:31:37.111433082,1
1706048777042122,2900130181,HEARING_REQUESTED,2024-03-21T12:31:41.088972133,1
1706048790602480,2900130182,HEARING_REQUESTED,2024-03-21T12:31:42.423972576,1
1706048784371977,2900130183,HEARING_REQUESTED,2024-03-21T12:31:43.239960314,1
1706048796947079,2900130184,HEARING_REQUESTED,2024-03-21T12:31:45.84988173,1
1706048810746200,2900130186,HEARING_REQUESTED,2024-03-21T12:31:48.185399138,1
1706048803885643,2900130188,HEARING_REQUESTED,2024-03-21T12:31:49.459373338,1
1706048818151635,2900130189,HEARING_REQUESTED,2024-03-21T12:31:53.353840806,1
1706048824315596,2900130190,HEARING_REQUESTED,2024-03-21T12:31:55.627866213,1
1706048830571992,2900130191,HEARING_REQUESTED,2024-03-21T12:31:55.774125599,1
1706048837296064,2900130193,HEARING_REQUESTED,2024-03-21T12:31:58.264097937,1
1706048844879738,2900130195,HEARING_REQUESTED,2024-03-21T12:31:59.015290875,1
1706048851029680,2900130198,HEARING_REQUESTED,2024-03-21T12:32:02.826874242,1
1706048866274669,2900130199,HEARING_REQUESTED,2024-03-21T12:32:04.145684716,1
1706048858061371,2900130200,HEARING_REQUESTED,2024-03-21T12:32:04.561164337,1
1706048880966811,2900130202,HEARING_REQUESTED,2024-03-21T12:32:08.697736623,1
1706048873477149,2900130203,HEARING_REQUESTED,2024-03-21T12:32:09.693058215,1
1706048888859083,2900130204,HEARING_REQUESTED,2024-03-21T12:32:11.548009715,1
1706048894976541,2900130205,HEARING_REQUESTED,2024-03-21T12:32:12.112725384,1
1706048902088743,2900130206,HEARING_REQUESTED,2024-03-21T12:32:12.7068393,1
1706048908016516,2900130208,HEARING_REQUESTED,2024-03-21T12:32:16.526948493,1
1706048915295848,2900130210,HEARING_REQUESTED,2024-03-21T12:32:18.663036889,1
1706048928886591,2900130211,HEARING_REQUESTED,2024-03-21T12:32:20.652850363,1
1706048921408088,2900130212,HEARING_REQUESTED,2024-03-21T12:32:22.851099722,1
1706048936209372,2900130214,HEARING_REQUESTED,2024-03-21T12:32:25.794570231,1
1706048950149298,2900130215,HEARING_REQUESTED,2024-03-21T12:32:27.05838923,1
1706048942871223,2900130217,HEARING_REQUESTED,2024-03-21T12:32:28.613234217,1
1706048956804664,2900130218,HEARING_REQUESTED,2024-03-21T12:32:29.593458058,1
1706048964164747,2900130219,HEARING_REQUESTED,2024-03-21T12:32:32.115716905,1
1706048971131051,2900130220,HEARING_REQUESTED,2024-03-21T12:32:33.945043535,1
1706048978185340,2900130222,HEARING_REQUESTED,2024-03-21T12:32:38.035339684,1
1706048991918677,2900130223,HEARING_REQUESTED,2024-03-21T12:32:38.401562046,1
1706048985252232,2900130224,HEARING_REQUESTED,2024-03-21T12:32:40.934490273,1
1706049005964582,2900130225,HEARING_REQUESTED,2024-03-21T12:32:44.401250891,1
1706048999572534,2900130226,HEARING_REQUESTED,2024-03-21T12:32:44.928297889,1
1706049013541661,2900130227,HEARING_REQUESTED,2024-03-21T12:32:47.245701046,1
1706049020647691,2900130229,HEARING_REQUESTED,2024-03-21T12:32:48.690896835,1
1706049027833260,2900130230,HEARING_REQUESTED,2024-03-21T12:32:49.976006014,1
1706049034574998,2900130231,HEARING_REQUESTED,2024-03-21T12:32:52.099904306,1
1706049041309743,2900130232,HEARING_REQUESTED,2024-03-21T12:32:52.911741535,1
1706049055449708,2900130233,HEARING_REQUESTED,2024-03-21T12:32:57.455977925,1
1706049048715850,2900130234,HEARING_REQUESTED,2024-03-21T12:32:57.600711916,1
1706049062808631,2900130235,HEARING_REQUESTED,2024-03-21T12:32:58.569038871,1
1706049069629428,2900130236,HEARING_REQUESTED,2024-03-21T12:33:01.48162083,1
1706049076675034,2900130237,HEARING_REQUESTED,2024-03-21T12:33:04.031737861,1
1706049083829806,2900130239,HEARING_REQUESTED,2024-03-21T12:33:06.459689643,1
1706049091172926,2900130240,HEARING_REQUESTED,2024-03-21T12:33:07.611647501,1
1706049098989512,2900130241,HEARING_REQUESTED,2024-03-21T12:33:08.136239232,1
1706049106780325,2900130242,HEARING_REQUESTED,2024-03-21T12:33:09.540985073,1
1706049114749403,2900130243,HEARING_REQUESTED,2024-03-21T12:33:11.918344803,1
1706049129884112,2900130244,HEARING_REQUESTED,2024-03-21T12:33:16.884084261,1
1706049122677562,2900130246,HEARING_REQUESTED,2024-03-21T12:33:18.135663318,1
1706049136555671,2900130247,HEARING_REQUESTED,2024-03-21T12:33:18.242338783,1
1706049144114867,2900130248,HEARING_REQUESTED,2024-03-21T12:33:20.741189067,1
1706049150845099,2900130250,HEARING_REQUESTED,2024-03-21T12:33:22.777703359,1
1706049157901747,2900130251,HEARING_REQUESTED,2024-03-21T12:33:24.607299467,1
1706049164777775,2900130252,HEARING_REQUESTED,2024-03-21T12:33:25.921506785,1
1706049172455968,2900130253,HEARING_REQUESTED,2024-03-21T12:33:26.4650131,1
1706049179682614,2900130254,HEARING_REQUESTED,2024-03-21T12:33:31.302076857,1
1706049187938693,2900130256,HEARING_REQUESTED,2024-03-21T12:33:34.239546334,1
1706049201204874,2900130257,HEARING_REQUESTED,2024-03-21T12:33:34.638570533,1
1706049194594844,2900130258,HEARING_REQUESTED,2024-03-21T12:33:34.824178563,1
1706049207954894,2900130259,HEARING_REQUESTED,2024-03-21T12:33:36.112430843,1
1706049214304901,2900130261,HEARING_REQUESTED,2024-03-21T12:33:38.677212199,1
1706049221077227,2900130263,HEARING_REQUESTED,2024-03-21T12:33:41.712587756,1
1706049227921543,2900130264,HEARING_REQUESTED,2024-03-21T12:33:43.867062129,1
1706049235135367,2900130265,HEARING_REQUESTED,2024-03-21T12:33:46.286336209,1
1706049242039396,2900130267,HEARING_REQUESTED,2024-03-21T12:33:49.740422303,1
1706049249071277,2900130268,HEARING_REQUESTED,2024-03-21T12:33:51.636459266,1
1706049254821780,2900130269,HEARING_REQUESTED,2024-03-21T12:33:52.021375353,1
1706049261061701,2900130270,HEARING_REQUESTED,2024-03-21T12:33:53.703480564,1
1706049267108134,2900130271,HEARING_REQUESTED,2024-03-21T12:33:58.237390049,1
1706049273762882,2900130272,HEARING_REQUESTED,2024-03-21T12:33:58.453790585,1
1706049279709952,2900130273,HEARING_REQUESTED,2024-03-21T12:34:00.835280362,1
1706049285739175,2900130274,HEARING_REQUESTED,2024-03-21T12:34:02.006790598,1
1706049292974542,2900130276,HEARING_REQUESTED,2024-03-21T12:34:04.396082565,1
1706049300466598,2900130277,HEARING_REQUESTED,2024-03-21T12:34:05.492074189,1
1706049306988090,2900130278,HEARING_REQUESTED,2024-03-21T12:34:10.201737262,1
1706026431017870,2900117601,HEARING_REQUESTED,2024-03-12T18:12:41.446729715,1
1706026443079959,2900117602,HEARING_REQUESTED,2024-03-12T18:12:41.581959776,1
1706026450050919,2900117603,HEARING_REQUESTED,2024-03-12T18:12:44.592162881,1
1706026459930509,2900117604,HEARING_REQUESTED,2024-03-12T18:12:45.603553244,1
1706026466161338,2900117605,HEARING_REQUESTED,2024-03-12T18:12:48.207322735,1
1706026473365658,2900117607,HEARING_REQUESTED,2024-03-12T18:12:49.081986307,1
1706026480752674,2900117608,HEARING_REQUESTED,2024-03-12T18:12:50.899172894,1
1706026488666801,2900117609,HEARING_REQUESTED,2024-03-12T18:12:52.299164072,1
1706026501939235,2900117610,HEARING_REQUESTED,2024-03-12T18:12:56.453269499,1
1706026495378689,2900117611,HEARING_REQUESTED,2024-03-12T18:12:56.645844347,1
1706026509076097,2900117612,HEARING_REQUESTED,2024-03-12T18:13:00.048074568,1
1706026516012325,2900117613,HEARING_REQUESTED,2024-03-12T18:13:01.519950941,1
1706026523051993,2900117615,HEARING_REQUESTED,2024-03-12T18:13:04.598586693,1
1706026537746000,2900117616,HEARING_REQUESTED,2024-03-12T18:13:06.593180017,1
1706026530971670,2900117617,HEARING_REQUESTED,2024-03-12T18:13:07.407927099,1
1706026545153579,2900117618,HEARING_REQUESTED,2024-03-12T18:13:10.457653979,1
1706026559783568,2900117620,HEARING_REQUESTED,2024-03-12T18:13:12.579813522,1
1706026551919202,2900117621,HEARING_REQUESTED,2024-03-12T18:13:14.248282544,1
1706026567398474,2900117622,HEARING_REQUESTED,2024-03-12T18:13:14.656188369,1
1706026574252615,2900117624,HEARING_REQUESTED,2024-03-12T18:13:17.186635855,1
1706026582275681,2900117625,HEARING_REQUESTED,2024-03-12T18:13:20.284997021,1
1706026588591107,2900117626,HEARING_REQUESTED,2024-03-12T18:13:21.326265956,1
1706026603721812,2900117627,HEARING_REQUESTED,2024-03-12T18:13:24.313673376,1
1706026596776872,2900117628,HEARING_REQUESTED,2024-03-12T18:13:25.924148451,1
1706026610222986,2900117629,HEARING_REQUESTED,2024-03-12T18:13:27.303597169,1
1706026623560307,2900117631,HEARING_REQUESTED,2024-03-12T18:13:31.22261412,1
1706026617708011,2900117632,HEARING_REQUESTED,2024-03-12T18:13:32.804993599,1
1706026637380833,2900117633,HEARING_REQUESTED,2024-03-12T18:13:34.968662278,1
1706026629523200,2900117634,HEARING_REQUESTED,2024-03-12T18:13:36.112678309,1
1706026644286387,2900117635,HEARING_REQUESTED,2024-03-12T18:13:36.976484396,1
1706026651946204,2900117636,HEARING_REQUESTED,2024-03-12T18:13:40.290479694,1
1706026660270315,2900117637,HEARING_REQUESTED,2024-03-12T18:13:41.932458117,1
1706026667087928,2900117640,HEARING_REQUESTED,2024-03-12T18:13:45.070143659,1
1706026674029632,2900117641,HEARING_REQUESTED,2024-03-12T18:13:47.84685935,1
1706026681167409,2900117642,HEARING_REQUESTED,2024-03-12T18:13:48.979396606,1
1706026687127746,2900117643,HEARING_REQUESTED,2024-03-12T18:13:51.846117036,1
1706026694021692,2900117644,HEARING_REQUESTED,2024-03-12T18:13:52.563748378,1
1706026707719431,2900117645,HEARING_REQUESTED,2024-03-12T18:13:53.983640231,1
1706026700529241,2900117646,HEARING_REQUESTED,2024-03-12T18:13:54.716270102,1
1706026721303287,2900117648,HEARING_REQUESTED,2024-03-12T18:13:57.82118619,1
1706026715653697,2900117649,HEARING_REQUESTED,2024-03-12T18:13:57.895783092,1
1706026736126426,2900117650,HEARING_REQUESTED,2024-03-12T18:14:01.199177422,1
1706026729676684,2900117651,HEARING_REQUESTED,2024-03-12T18:14:03.835036459,1
1706026751330283,2900117652,HEARING_REQUESTED,2024-03-12T18:14:07.610151374,1
1706026743237968,2900117653,HEARING_REQUESTED,2024-03-12T18:14:08.466293154,1
1706026757318878,2900117656,HEARING_REQUESTED,2024-03-12T18:14:09.722026686,1
1706026764493987,2900117658,HEARING_REQUESTED,2024-03-12T18:14:13.119000452,1
1706026778980011,2900117660,HEARING_REQUESTED,2024-03-12T18:14:15.822135697,1
1706026771108206,2900117659,HEARING_REQUESTED,2024-03-12T18:14:15.87261397,1
1706026793075532,2900117661,HEARING_REQUESTED,2024-03-12T18:14:18.213797154,1
1706026785545336,2900117662,HEARING_REQUESTED,2024-03-12T18:14:20.244995707,1
1706026801250903,2900117663,HEARING_REQUESTED,2024-03-12T18:14:22.771471323,1
1706026816004162,2900117664,HEARING_REQUESTED,2024-03-12T18:14:24.550277151,1
1706026809448020,2900117665,HEARING_REQUESTED,2024-03-12T18:14:24.665150849,1
1706026822083952,2900117666,HEARING_REQUESTED,2024-03-12T18:14:28.025023059,1
1706026828287037,2900117667,HEARING_REQUESTED,2024-03-12T18:14:28.040268422,1
1706026835329434,2900117668,HEARING_REQUESTED,2024-03-12T18:14:30.098085034,1
1706026843550971,2900117669,HEARING_REQUESTED,2024-03-12T18:14:33.716578486,1
1706026851085274,2900117670,HEARING_REQUESTED,2024-03-12T18:14:36.209949484,1
1706026857940316,2900117673,HEARING_REQUESTED,2024-03-12T18:14:38.526033933,1
1706026872082771,2900117675,HEARING_REQUESTED,2024-03-12T18:14:41.230004343,1
1706026865004816,2900117676,HEARING_REQUESTED,2024-03-12T18:14:42.171746599,1
1706026885377820,2900117677,HEARING_REQUESTED,2024-03-12T18:14:44.03550704,1
1706026878524347,2900117678,HEARING_REQUESTED,2024-03-12T18:14:44.324773454,1
1706026893543025,2900117679,HEARING_REQUESTED,2024-03-12T18:14:47.860423519,1
1706026900245218,2900117680,HEARING_REQUESTED,2024-03-12T18:14:49.407435226,1
1706026908485238,2900117681,HEARING_REQUESTED,2024-03-12T18:14:51.899277844,1
1706026916350820,2900117682,HEARING_REQUESTED,2024-03-12T18:14:56.52509329,1
1706026923727820,2900117683,HEARING_REQUESTED,2024-03-12T18:14:57.5315976,1
1706026931141675,2900117684,HEARING_REQUESTED,2024-03-12T18:14:59.001578924,1
1706026944341916,2900117685,HEARING_REQUESTED,2024-03-12T18:15:00.916626912,1
1706026938171964,2900117686,HEARING_REQUESTED,2024-03-12T18:15:01.504648282,1
1706026951874676,2900117687,HEARING_REQUESTED,2024-03-12T18:15:02.704058265,1
1706026958676587,2900117688,HEARING_REQUESTED,2024-03-12T18:15:06.959652078,1
1706026965616188,2900117689,HEARING_REQUESTED,2024-03-12T18:15:09.794770557,1
1706026973903495,2900117691,HEARING_REQUESTED,2024-03-12T18:15:10.8477943,1
1706026979872595,2900117692,HEARING_REQUESTED,2024-03-12T18:15:11.574208604,1
1706026987423050,2900117693,HEARING_REQUESTED,2024-03-12T18:15:13.480033358,1
1706026993862846,2900117694,HEARING_REQUESTED,2024-03-12T18:15:15.207016197,1
1706027000870681,2900117696,HEARING_REQUESTED,2024-03-12T18:15:17.002459143,1
1706027008972158,2900117698,HEARING_REQUESTED,2024-03-12T18:15:19.787473918,1
1706027017183904,2900117699,HEARING_REQUESTED,2024-03-12T18:15:21.722252887,1
1706027029213657,2900117701,HEARING_REQUESTED,2024-03-12T18:15:24.179241845,1
1706027023211855,2900117702,HEARING_REQUESTED,2024-03-12T18:15:24.296164981,1
1706027036711362,2900117703,HEARING_REQUESTED,2024-03-12T18:15:26.341378651,1
1706027045137708,2900117704,HEARING_REQUESTED,2024-03-12T18:15:30.36623031,1
1706027054803570,2900117705,HEARING_REQUESTED,2024-03-12T18:15:31.296219324,1
1706027061447148,2900117706,HEARING_REQUESTED,2024-03-12T18:15:31.739833633,1
1706027068102548,2900117710,HEARING_REQUESTED,2024-03-12T18:15:36.234756011,1
1706027075188340,2900117711,HEARING_REQUESTED,2024-03-12T18:15:39.747801755,1
1706027081146779,2900117712,HEARING_REQUESTED,2024-03-12T18:15:40.356492524,1
1706027095723514,2900117715,HEARING_REQUESTED,2024-03-12T18:15:45.170481295,1
1706027088463409,2900117716,HEARING_REQUESTED,2024-03-12T18:15:45.300345551,1
1706027102232632,2900117717,HEARING_REQUESTED,2024-03-12T18:15:45.696483136,1
1706027109123511,2900117720,HEARING_REQUESTED,2024-03-12T18:15:47.683079697,1
1706027116643204,2900117721,HEARING_REQUESTED,2024-03-12T18:15:51.275199367,1
1706027122985680,2900117722,HEARING_REQUESTED,2024-03-12T18:15:51.936161572,1
1706027133434967,2900117725,HEARING_REQUESTED,2024-03-12T18:15:56.202044662,1
1706027140269091,2900117726,HEARING_REQUESTED,2024-03-12T18:15:56.43944035,1
1706027146962475,2900117729,HEARING_REQUESTED,2024-03-12T18:15:59.990544042,1