IACCaseID,IACHearingID
1710343377450484,2900119423
1710343211175495,2900119421
1710343087921683,2900119451
1710343413719371,2900119434
1710343380578685,2900119453
1710343446966262,2900119454
1710343371588750,2900119455
1710343428195120,2900119449
1710343125445109,2900119456
1710343406938038,2900119457
1710343173309983,2900119458
1710343117928112,2900119452
1710343268076703,2900119459
1710343453502901,2900119460
1710343320329769,2900119461
1710343199892657,2900119462
1710343423303059,2900119463
1710343274345720,2900119464
1710343435778850,2900119465
1710343434999366,2900119467
1710343277751882,2900119466
1710343453905914,2900119469
1710343159933897,2900119470
1710343234552696,2900119468
1710343198188552,2900119472
1710343359763540,2900119473
1710343144408302,2900119474
1710343155797759,2900119475
1710343373949042,2900119476
1710343246399185,2900119477
1710343421556732,2900119478
1710343106662334,2900119479
1710343246539350,2900119480
1710343181161749,2900119481
1710343185403311,2900119483
1710343151888990,2900119482
1710343324061699,2900119485
1710343267983057,2900119484
1710343096293496,2900119486
1710343108119796,2900119487
1710343419942639,2900119488
1710343192564543,2900119489
1710343239485405,2900119490
1710343281259328,2900119492
1710343117369804,2900119493
1710343289697867,2900119494
1710343302291987,2900119491
1710343106369476,2900119495
1710343170421534,2900119496
1710343160177666,2900119497
1710343251818038,2900119498
1710343306437107,2900119499
1710343458469072,2900119501
1710343138296374,2900119500
1710343208263742,2900119502
1710343318214593,2900119503
1710343099862875,2900119504
1710343189385092,2900119505
1710343399445975,2900119507
1710343343885516,2900119506
1710343450926939,2900119508
1710343406263841,2900119510
1710343368825983,2900119509
1710343111075506,2900119511
1710343180262456,2900119512
1710343229575116,2900119514
1710343413678353,2900119513
1710343206544283,2900119515
1710343348803316,2900119516
1710343176249038,2900119517
1710343247825915,2900119519
1710343189719936,2900119518
1710343326110759,2900119524
1710343311769452,2900119523
1710343194056290,2900119520
1710343205012951,2900119522
1710343119293572,2900119525
1710343147714953,2900119526
1710343167530222,2900119527
1710343238240884,2900119528
1710343180262456,2900119529
1710343147679412,2900119530
1710343267983057,2900119532
1710343348064133,2900119534
1710343139649571,2900119533
1710343416779448,2900119535
1710343276403717,2900119536
1710343443156073,2900119531
1710343170327459,2900119537
1710343151623033,2900119538
1710343294345122,2900119539
1710343227364612,2900119540
1710343130039491,2900119542
1710343406263841,2900119541
1710343340213126,2900119543
1710343268076703,2900119544
1710343222653589,2900119546
1710343371588750,2900119547
1710343353489704,2900119545
1710343260176360,2900119548
1710343155630323,2900119551
1710343333978404,2900119550
1710343204960499,2900119549
1710343462651236,2900119552
1710343116505218,2900119554
1710343155630323,2900119555
1710343160177666,2900119556
1710343230513452,2900119553
1710343210964949,2900119558
1710343434872456,2900119557
1710343398830029,2900119560
1710343299060957,2900119561
1710343442142439,2900119563
1710343438945977,2900119559
1710343331195282,2900119564
1710343397466361,2900119562
1710343086461475,2900119565
1710343348112635,2900119566
1710343100227837,2900119568
1710343439931000,2900119569
1710343244845551,2900119567
1710343267652538,2900119570
1710343423051161,2900119571
1710343122485363,2900119572
1710343165847016,2900119575
1710343428195120,2900119573
1710343140954879,2900119576
1710343087758960,2900119578
1710343432267709,2900119574
1710343294345122,2900119577
1710343421556732,2900119579
1710343136354548,2900119580
1710343139480795,2900119581
1710343165643027,2900119582
1710343329994563,2900119583
1710343256144927,2900119584
1710343128369504,2900119585
1710343408816893,2900119590
1710343289697867,2900119589
1710343303411642,2900119591
1710343259679523,2900119587
1710343397466361,2900119588
1710343272351118,2900119592
1710343130039491,2900119586
1710343403655676,2900119594
1710343450926939,2900119597
1710343323094600,2900119595
1710343430113269,2900119598
1710343091082308,2900119599
1710343364068042,2900119596
1710343133101793,2900119600
1710343299060957,2900119593
1710343371968432,2900119602
1710343086454496,2900119601
1710343372345432,2900119603
1710343092565632,2900119605
1710343205368627,2900119607
1710343151726182,2900119608
1710343382913716,2900119609
1710343177119321,2900119604
1710343232659782,2900119606
1710343158430176,2900119610
1710343212885654,2900119612
1710343246539350,2900119614
1710343230419056,2900119615
1710343254134268,2900119613
1710343196046935,2900119611
1710343314077531,2900119616
1710343276221226,2900119617
1710343284841361,2900119618
1710343423051161,2900119619
1710343249368567,2900119620
1710343205368627,2900119621
1710343358642125,2900119622
1710343155797759,2900119624
1710343257718836,2900119623
1710343453780242,2900119627
1710343424368507,2900119626
1710343128140145,2900119625
1710343358571977,2900119628
1710343266838914,2900119629
1710343456959231,2900119631
1710343183526311,2900119630
1710343132122873,2900119632
1710343117928112,2900119634
1710343368031343,2900119635
1710343230419056,2900119633
1710343222653589,2900119636
1710343269020965,2900119637
1710343390137209,2900119638
1710343352767688,2900119639
1710343177119321,2900119641
1710343215582316,2900119640
1710343144408302,2900119642
1710343205239737,2900119644
1710343167530222,2900119645
1710343136983361,2900119643
1710343330555379,2900119646
1710343190234941,2900119648
1710343355494066,2900119647
1710343260801488,2900119649
1710343199806509,2900119650
1710343458651190,2900119651
1710343332240947,2900119653
1710343244040328,2900119652
1710343157276901,2900119654
1710343294853778,2900119655
1710343196659091,2900119660
1710343120525228,2900119659
1710343451513660,2900119656
1710343128140145,2900119658
1710343372608953,2900119657
1710343216671324,2900119661
1710343319600055,2900119663
1710343211175495,2900119662
1710343229575116,2900119664
1710343123906169,2900119667
1710343461706445,2900119668
1710343087758960,2900119665
1710343253929353,2900119666
1710343294853778,2900119670
1710343123906169,2900119669
1710343391932467,2900119671
1710343352767688,2900119672
1710343144785766,2900119674
1710343116444178,2900119673
1710343405056436,2900119676
1710343094490656,2900119675
1710343098686531,2900119678
1710343338348454,2900119677
1710343331990732,2900119679
1710343421755524,2900119681
1710343358818154,2900119682
1710343147679412,2900119683
1710343377450484,2900119684
1710343108119796,2900119685
1710343173240196,2900119686
1710343338348454,2900119688
1710343418944818,2900119680
1710343325411737,2900119687
1710343309857822,2900119689
1710343144785766,2900119691
1710343364543879,2900119690
1710343120525228,2900119692
1710343323094600,2900119693
1710343402788361,2900119696
1710343294853778,2900119695
1710343109011588,2900119698
1710343290373201,2900119694
1710343197962767,2900119699
1710343165643027,2900119701
1710343380643174,2900119697
1710343432267709,2900119703
1710343448742166,2900119700
1710343290205965,2900119707
1710343405761878,2900119706
1710343149035126,2900119705
1710343444013133,2900119702
1710343439793210,2900119708
1710343137071786,2900119710
1710343378176633,2900119709
1710343414288574,2900119712
1710343125445109,2900119711
1710343383188912,2900119713
1710343427092732,2900119716
1710343101402082,2900119717
1710343230419056,2900119715
1710343277751882,2900119719
1710343282845315,2900119718
1710343092081341,2900119714
1710343389239149,2900119720
1709751960201879,2900108709
1709751966672487,2900108710
1709751971111117,2900108711
1709751980343685,2900108712
1709751989481676,2900108713
1709751996371977,2900108714
1709752006492530,2900108715
1709752009688092,2900108716
1709752015940560,2900108717
1709752030087348,2900108718
1709752025771211,2900108719
1709752036736070,2900108720
1709752050377744,2900108721
1709752050797313,2900108722
1709752058020015,2900108723
1709752066593037,2900108724
1709752073185926,2900108725
1709752083535565,2900108726
1709752090173087,2900108727
1709752094226170,2900108728
1709752104140072,2900108729
1709752118568375,2900108730
1709752111419998,2900108731
1709752128264510,2900108732
1709752134512597,2900108733
1709752138049604,2900108734
1709752150546644,2900108735
1709752154794422,2900108736
1709752161202666,2900108737
1709752167986148,2900108738
1709752177591615,2900108739
1709752183618311,2900108740
1709752189510900,2900108741
1709752195988348,2900108742
1709752211360720,2900108743
1709752207209352,2900108744
1709752218209227,2900108745
1709752229419526,2900108746
1709752232178507,2900108747
1709752246829889,2900108748
1709752240614071,2900108749
1709752255351015,2900108750
1709752263345991,2900108751
1709752269656565,2900108752
1709752292967922,2900108753
1709752276586367,2900108754
1709752282495272,2900108755
1709752296088519,2900108756
1709752303181729,2900108757
1709752311547739,2900108758
1709752316160363,2900108759
1709752333696357,2900108760
1709752348230788,2900108761
1709752341665931,2900108762
1709752355632132,2900108763
1709752368519706,2900108764
1709752367824586,2900108765
1709752377569486,2900108766
1709752383114590,2900108767
1709752392468706,2900108768
1709752399191491,2900108769
1709752405728146,2900108770
1709752412754382,2900108771
1709752417701156,2900108772
1709752426844096,2900108773
1709752438008508,2900108774
1709752443599913,2900108775
1709752454617315,2900108776
1709752462161843,2900108777
1709752472634557,2900108778


1709750808258471,2900108558
1709750822166940,2900108559
1709750831875903,2900108560
1709750858451877,2900108561
1709750864002730,2900108562
1709750887150854,2900108563
1709750895931394,2900108564
1709750903408682,2900108565
1709750913195816,2900108566
1709750920584093,2900108567
1709750929421958,2900108568
1709750938328681,2900108569
1709750953583350,2900108570
1709750946534007,2900108571
1709750958070247,2900108572
1709750964043683,2900108573
1709750969482043,2900108574
1709750978643296,2900108575
1709750986527424,2900108576
1709750995987361,2900108577
1709751004708384,2900108578
1709751011038403,2900108579
1709751015822976,2900108580
1709751029588837,2900108581
1709751029859733,2900108582
1709751038034419,2900108583
1709751042553503,2900108584
1709751050806496,2900108585
1709751061555439,2900108586
1709751065111312,2900108587
1709751071767057,2900108588
1709751086708898,2900108589
1709751089798326,2900108590
1709751097536247,2900108591
1709751103740940,2900108592
1709751110518727,2900108593
1709751116957044,2900108594
1709751125171454,2900108595
1709751141506816,2900108596
1709751144043411,2900108597
1709751148901838,2900108598
1709751159176239,2900108599
1709751163645989,2900108600
1709751173847997,2900108601
1709751192333250,2900108603
1709751185662350,2900108604
1709751200407856,2900108605
1709751206891897,2900108606
1709751221532658,2900108607
1709751224424044,2900108608
1709751229610340,2900108609
1709751238572531,2900108610
1709751244491924,2900108611
1709751252538947,2900108612
1709751258133255,2900108613
1709751266764158,2900108614
1709751274576800,2900108615
1709751280325713,2900108616
1709751287351589,2900108617
1709751294622550,2900108618
1709751301222469,2900108619
1709751306702747,2900108620
1709751320111461,2900108621
1709751328423652,2900108622
1709751333991719,2900108623
1709751339959645,2900108624
1709751344812649,2900108625
1709751353655012,2900108626
1709751363177775,2900108627
1709751370126963,2900108628
1709751373331719,2900108629
1709751382192748,2900108630
1709751391025350,2900108631
1709751399318369,2900108632
1709751403315153,2900108633
1709751412039216,2900108634
1709751417864725,2900108635
1709751434282091,2900108636
1709751436623367,2900108637
1709751447498601,2900108638
1709751453916058,2900108639
1709751464016625,2900108640
1709751466738010,2900108641
1709751474644085,2900108642
1709751483844718,2900108643
1709751490432390,2900108644
1709751497706523,2900108645
1709751506310143,2900108646
1709751512812603,2900108647
1709751527419097,2900108648
1709751518148291,2900108649
1709751532921087,2900108650
1709751539907055,2900108651
1709751547783449,2900108652
1709751553653825,2900108653
1709751562837914,2900108654
1709751581463759,2900108655
1709751583944228,2900108656
1709751590807970,2900108657
1709751593984503,2900108658
1709751599539327,2900108659
1709751605069020,2900108660
1709751614133841,2900108661
1709751621309657,2900108662
1709751627659337,2900108663
1709751635649858,2900108664
1709751642462956,2900108665
1709751648398691,2900108666
1709751659714521,2900108667
1709751663462554,2900108668
1709751670421734,2900108669
1709751680777554,2900108670
1709751691983167,2900108671
1709751689105989,2900108672
1709751702741869,2900108673
1709751715972535,2900108674
1709751704933589,2900108675
1709751718506124,2900108676
1709751730008372,2900108677
1709751737307272,2900108678
1709751743152050,2900108679
1709751751404427,2900108680
1709751757702477,2900108681
1709751765558838,2900108682
1709751771801479,2900108683
1709751779607621,2900108684
1709751788082527,2900108685
1709751795705946,2900108686
1709751800701286,2900108687
1709751808713705,2900108688
1709751813965282,2900108689
1709751822868360,2900108690
1709751828714451,2900108691
1709751851149005,2900108692
1709751838419604,2900108693
1709751856389945,2900108694
1709751859768400,2900108695
1709751866421373,2900108696
1709751873742407,2900108697
1709751880350061,2900108698
1709751887502763,2900108699
1709751897257424,2900108700
1709751902625300,2900108701
1709751909835258,2900108702
1709751917934077,2900108703
1709751926605403,2900108704
1709751931713051,2900108705
1709751936391952,2900108706
1709751945723641,2900108707
1709751952361095,2900108708
1710343122485363,2900119340
1710343086454496,2900119341
1710343094108217,2900119346
1710343149035126,2900119348
1710343257880289,2900119349
1710343256144927,2900119351
1710343087758960,2900119353
1710343314077531,2900119352
1710343177529313,2900119354
1710343161840197,2900119355
1710343189719936,2900119356
1710343389239149,2900119358
1710343189385092,2900119357
1710343094490656,2900119359
1710343343569755,2900119360
1710343215582316,2900119361
1710343196659091,2900119362
1710343151888990,2900119363
1710343220858529,2900119364
1710343290373201,2900119365
1710343098686531,2900119366
1710343272351118,2900119367
1710343358571977,2900119368
1710343346419057,2900119369
1710343138296374,2900119370
1710343188830999,2900119371
1710343269248954,2900119372
1710343332240947,2900119373
1710343136983361,2900119374
1710343244040328,2900119375
1710343116505218,2900119376
1710343137071786,2900119377
1710343205239737,2900119378
1710343249439533,2900119379
1710343158387889,2900119380
1710343315339906,2900119381
1710343144785766,2900119383
1710343254320172,2900119384
1710343170044559,2900119385
1710343344338382,2900119382
1710343364543879,2900119386
1710343302209641,2900119387
1710343226060492,2900119389
1710343424417171,2900119388
1710343304346284,2900119390
1710343241385106,2900119391
1710343402788361,2900119392
1710343283190174,2900119393
1710343166919673,2900119394
1710343385074581,2900119395
1710343363226328,2900119397
1710343313409685,2900119396
1710343426312958,2900119398
1710343310224988,2900119399
1710343328090173,2900119400
1710343117125081,2900119401
1710343287150836,2900119403
1710343346725297,2900119404
1710343257880289,2900119405
1710343131332614,2900119406
1710343425485359,2900119408
1710343223874960,2900119407
1710343183052144,2900119409
1710343109072358,2900119410
1710343191400475,2900119411
1710343253929353,2900119412
1710343340584591,2900119414
1710343147714953,2900119413
1710343234201641,2900119415
1710343314058002,2900119416
1710343437541520,2900119417
1710343404431689,2900119418
1710343086461475,2900119419
1710343378673290,2900119420
1710343284841361,2900119422
1710343165643027,2900119424
1710343265712060,2900119426
1710343298092464,2900119425
1710343205368627,2900119427
1710343378223468,2900119428
1710343218565383,2900119429
1710343443360352,2900119431
1710343456046450,2900119430
1710343216956949,2900119432
1710343104577500,2900119433
1710343282179731,2900119435
1710343461778808,2900119436
1710343316902801,2900119437
1710343390256173,2900119438
1710343348387666,2900119439
1710343325411737,2900119440
1710343230513452,2900119441
1710343161285476,2900119443
1710343239751301,2900119444
1710343101046798,2900119445
1710343101402082,2900119402
1710343342983189,2900119447
1710343427038594,2900119446
1710343367645523,2900119448
1710343094108217,2900119450